user_name,email,user_id,comment,product_name,created_at
Ayşe Test1,user1@example.com,U0001,Urun kalitesi harika cok memnun kaldim,Telefon,2024-02-02
Mehmet Test2,user2@example.com,U0002,Iade sureci nasil isliyor,Laptop,2024-03-03
Fatma Test3,user3@example.com,U0003,Bekledigim kalite bu degildi hayal kirikligi,Saat,2024-04-04
Ali Test4,user4@example.com,U0004,Mukemmel urun hizli kargo tesekkurler,Ayakkabı,2024-05-05
Zeynep Test5,user5@example.com,U0005,Kotu bir deneyimdi urun bozuk geldi,Çanta,2024-06-06
Hasan Test6,user6@example.com,U0006,This product is amazing best purchase ever,Mouse,2024-07-07
Merve Test7,user7@example.com,U0007,Product was damaged on arrival very disappointed,Klavye,2024-08-08
Burak Test8,user8@example.com,U0008,Does this come in other colors,Monitör,2024-09-09
Selin Test9,user9@example.com,U0009,Excellent quality and fast delivery highly recommend,Tablet,2024-01-10
Tarık Test10,user10@example.com,U0010,The worst product broken after 2 days,Kulaklık,2024-02-11
Elif Test11,user11@example.com,U0011,Wonderful experience will buy again,Telefon,2024-03-12
Cem Test12,user12@example.com,U0012,Not what I expected description was misleading,Laptop,2024-04-13
Nur Test13,user13@example.com,U0013,Super fast delivery great packaging,Saat,2024-05-14
Berk Test14,user14@example.com,U0014,Product stopped working after one week terrible,Ayakkabı,2024-06-15
Ahmet Test15,user15@example.com,U0015,Gercekten cok begendim tavsiye ederim,Çanta,2024-07-16
Ayşe Test16,user16@example.com,U0016,Fiyatina gore kalitesi iyi degil,Mouse,2024-08-17
Mehmet Test17,user17@example.com,U0017,Ambalaj cok guzeldi urun hasarsiz geldi,Klavye,2024-09-18
Fatma Test18,user18@example.com,U0018,Muzik kalitesi berbat iade ediyorum,Monitör,2024-01-19
Ali Test19,user19@example.com,U0019,Kesinlikle tavsiye ederim muthis bir urun,Tablet,2024-02-20
Zeynep Test20,user20@example.com,U0020,Kargo cok gec geldi bir hafta beklettiniz,Kulaklık,2024-03-21
Hasan Test21,user21@example.com,U0021,Urun kalitesi harika cok memnun kaldim,Telefon,2024-04-22
Merve Test22,user22@example.com,U0022,Iade sureci nasil isliyor,Laptop,2024-05-23
Burak Test23,user23@example.com,U0023,Bekledigim kalite bu degildi hayal kirikligi,Saat,2024-06-24
Selin Test24,user24@example.com,U0024,Mukemmel urun hizli kargo tesekkurler,Ayakkabı,2024-07-25
Tarık Test25,user25@example.com,U0025,Kotu bir deneyimdi urun bozuk geldi,Çanta,2024-08-26
Elif Test26,user26@example.com,U0026,This product is amazing best purchase ever,Mouse,2024-09-27
Cem Test27,user27@example.com,U0027,Product was damaged on arrival very disappointed,Klavye,2024-01-28
Nur Test28,user28@example.com,U0028,Does this come in other colors,Monitör,2024-02-01
Berk Test29,user29@example.com,U0029,Excellent quality and fast delivery highly recommend,Tablet,2024-03-02
Ahmet Test30,user30@example.com,U0030,The worst product broken after 2 days,Kulaklık,2024-04-03
Ayşe Test31,user31@example.com,U0031,Wonderful experience will buy again,Telefon,2024-05-04
Mehmet Test32,user32@example.com,U0032,Not what I expected description was misleading,Laptop,2024-06-05
Fatma Test33,user33@example.com,U0033,Super fast delivery great packaging,Saat,2024-07-06
Ali Test34,user34@example.com,U0034,Product stopped working after one week terrible,Ayakkabı,2024-08-07
Zeynep Test35,user35@example.com,U0035,Gercekten cok begendim tavsiye ederim,Çanta,2024-09-08
Hasan Test36,user36@example.com,U0036,Fiyatina gore kalitesi iyi degil,Mouse,2024-01-09
Merve Test37,user37@example.com,U0037,Ambalaj cok guzeldi urun hasarsiz geldi,Klavye,2024-02-10
Burak Test38,user38@example.com,U0038,Muzik kalitesi berbat iade ediyorum,Monitör,2024-03-11
Selin Test39,user39@example.com,U0039,Kesinlikle tavsiye ederim muthis bir urun,Tablet,2024-04-12
Tarık Test40,user40@example.com,U0040,Kargo cok gec geldi bir hafta beklettiniz,Kulaklık,2024-05-13
Elif Test41,user41@example.com,U0041,Urun kalitesi harika cok memnun kaldim,Telefon,2024-06-14
Cem Test42,user42@example.com,U0042,Iade sureci nasil isliyor,Laptop,2024-07-15
Nur Test43,user43@example.com,U0043,Bekledigim kalite bu degildi hayal kirikligi,Saat,2024-08-16
Berk Test44,user44@example.com,U0044,Mukemmel urun hizli kargo tesekkurler,Ayakkabı,2024-09-17
Ahmet Test45,user45@example.com,U0045,Kotu bir deneyimdi urun bozuk geldi,Çanta,2024-01-18
Ayşe Test46,user46@example.com,U0046,This product is amazing best purchase ever,Mouse,2024-02-19
Mehmet Test47,user47@example.com,U0047,Product was damaged on arrival very disappointed,Klavye,2024-03-20
Fatma Test48,user48@example.com,U0048,Does this come in other colors,Monitör,2024-04-21
Ali Test49,user49@example.com,U0049,Excellent quality and fast delivery highly recommend,Tablet,2024-05-22
Zeynep Test50,user50@example.com,U0050,The worst product broken after 2 days,Kulaklık,2024-06-23
Hasan Test51,user51@example.com,U0051,Wonderful experience will buy again,Telefon,2024-07-24
Merve Test52,user52@example.com,U0052,Not what I expected description was misleading,Laptop,2024-08-25
Burak Test53,user53@example.com,U0053,Super fast delivery great packaging,Saat,2024-09-26
Selin Test54,user54@example.com,U0054,Product stopped working after one week terrible,Ayakkabı,2024-01-27
Tarık Test55,user55@example.com,U0055,Gercekten cok begendim tavsiye ederim,Çanta,2024-02-28
Elif Test56,user56@example.com,U0056,Fiyatina gore kalitesi iyi degil,Mouse,2024-03-01
Cem Test57,user57@example.com,U0057,Ambalaj cok guzeldi urun hasarsiz geldi,Klavye,2024-04-02
Nur Test58,user58@example.com,U0058,Muzik kalitesi berbat iade ediyorum,Monitör,2024-05-03
Berk Test59,user59@example.com,U0059,Kesinlikle tavsiye ederim muthis bir urun,Tablet,2024-06-04
Ahmet Test60,user60@example.com,U0060,Kargo cok gec geldi bir hafta beklettiniz,Kulaklık,2024-07-05
Ayşe Test61,user61@example.com,U0061,Urun kalitesi harika cok memnun kaldim,Telefon,2024-08-06
Mehmet Test62,user62@example.com,U0062,Iade sureci nasil isliyor,Laptop,2024-09-07
Fatma Test63,user63@example.com,U0063,Bekledigim kalite bu degildi hayal kirikligi,Saat,2024-01-08
Ali Test64,user64@example.com,U0064,Mukemmel urun hizli kargo tesekkurler,Ayakkabı,2024-02-09
Zeynep Test65,user65@example.com,U0065,Kotu bir deneyimdi urun bozuk geldi,Çanta,2024-03-10
Hasan Test66,user66@example.com,U0066,This product is amazing best purchase ever,Mouse,2024-04-11
Merve Test67,user67@example.com,U0067,Product was damaged on arrival very disappointed,Klavye,2024-05-12
Burak Test68,user68@example.com,U0068,Does this come in other colors,Monitör,2024-06-13
Selin Test69,user69@example.com,U0069,Excellent quality and fast delivery highly recommend,Tablet,2024-07-14
Tarık Test70,user70@example.com,U0070,The worst product broken after 2 days,Kulaklık,2024-08-15
Elif Test71,user71@example.com,U0071,Wonderful experience will buy again,Telefon,2024-09-16
Cem Test72,user72@example.com,U0072,Not what I expected description was misleading,Laptop,2024-01-17
Nur Test73,user73@example.com,U0073,Super fast delivery great packaging,Saat,2024-02-18
Berk Test74,user74@example.com,U0074,Product stopped working after one week terrible,Ayakkabı,2024-03-19
Ahmet Test75,user75@example.com,U0075,Gercekten cok begendim tavsiye ederim,Çanta,2024-04-20
Ayşe Test76,user76@example.com,U0076,Fiyatina gore kalitesi iyi degil,Mouse,2024-05-21
Mehmet Test77,user77@example.com,U0077,Ambalaj cok guzeldi urun hasarsiz geldi,Klavye,2024-06-22
Fatma Test78,user78@example.com,U0078,Muzik kalitesi berbat iade ediyorum,Monitör,2024-07-23
Ali Test79,user79@example.com,U0079,Kesinlikle tavsiye ederim muthis bir urun,Tablet,2024-08-24
Zeynep Test80,user80@example.com,U0080,Kargo cok gec geldi bir hafta beklettiniz,Kulaklık,2024-09-25
Hasan Test81,user81@example.com,U0081,Urun kalitesi harika cok memnun kaldim,Telefon,2024-01-26
Merve Test82,user82@example.com,U0082,Iade sureci nasil isliyor,Laptop,2024-02-27
Burak Test83,user83@example.com,U0083,Bekledigim kalite bu degildi hayal kirikligi,Saat,2024-03-28
Selin Test84,user84@example.com,U0084,Mukemmel urun hizli kargo tesekkurler,Ayakkabı,2024-04-01
Tarık Test85,user85@example.com,U0085,Kotu bir deneyimdi urun bozuk geldi,Çanta,2024-05-02
Elif Test86,user86@example.com,U0086,This product is amazing best purchase ever,Mouse,2024-06-03
Cem Test87,user87@example.com,U0087,Product was damaged on arrival very disappointed,Klavye,2024-07-04
Nur Test88,user88@example.com,U0088,Does this come in other colors,Monitör,2024-08-05
Berk Test89,user89@example.com,U0089,Excellent quality and fast delivery highly recommend,Tablet,2024-09-06
Ahmet Test90,user90@example.com,U0090,The worst product broken after 2 days,Kulaklık,2024-01-07
Ayşe Test91,user91@example.com,U0091,Wonderful experience will buy again,Telefon,2024-02-08
Mehmet Test92,user92@example.com,U0092,Not what I expected description was misleading,Laptop,2024-03-09
Fatma Test93,user93@example.com,U0093,Super fast delivery great packaging,Saat,2024-04-10
Ali Test94,user94@example.com,U0094,Product stopped working after one week terrible,Ayakkabı,2024-05-11
Zeynep Test95,user95@example.com,U0095,Gercekten cok begendim tavsiye ederim,Çanta,2024-06-12
Hasan Test96,user96@example.com,U0096,Fiyatina gore kalitesi iyi degil,Mouse,2024-07-13
Merve Test97,user97@example.com,U0097,Ambalaj cok guzeldi urun hasarsiz geldi,Klavye,2024-08-14
Burak Test98,user98@example.com,U0098,Muzik kalitesi berbat iade ediyorum,Monitör,2024-09-15
Selin Test99,user99@example.com,U0099,Kesinlikle tavsiye ederim muthis bir urun,Tablet,2024-01-16
Tarık Test100,user100@example.com,U0100,Kargo cok gec geldi bir hafta beklettiniz,Kulaklık,2024-02-17
Elif Test101,user101@example.com,U0101,Urun kalitesi harika cok memnun kaldim,Telefon,2024-03-18
Cem Test102,user102@example.com,U0102,Iade sureci nasil isliyor,Laptop,2024-04-19
Nur Test103,user103@example.com,U0103,Bekledigim kalite bu degildi hayal kirikligi,Saat,2024-05-20
Berk Test104,user104@example.com,U0104,Mukemmel urun hizli kargo tesekkurler,Ayakkabı,2024-06-21
Ahmet Test105,user105@example.com,U0105,Kotu bir deneyimdi urun bozuk geldi,Çanta,2024-07-22
Ayşe Test106,user106@example.com,U0106,This product is amazing best purchase ever,Mouse,2024-08-23
Mehmet Test107,user107@example.com,U0107,Product was damaged on arrival very disappointed,Klavye,2024-09-24
Fatma Test108,user108@example.com,U0108,Does this come in other colors,Monitör,2024-01-25
Ali Test109,user109@example.com,U0109,Excellent quality and fast delivery highly recommend,Tablet,2024-02-26
Zeynep Test110,user110@example.com,U0110,The worst product broken after 2 days,Kulaklık,2024-03-27
Hasan Test111,user111@example.com,U0111,Wonderful experience will buy again,Telefon,2024-04-28
Merve Test112,user112@example.com,U0112,Not what I expected description was misleading,Laptop,2024-05-01
Burak Test113,user113@example.com,U0113,Super fast delivery great packaging,Saat,2024-06-02
Selin Test114,user114@example.com,U0114,Product stopped working after one week terrible,Ayakkabı,2024-07-03
Tarık Test115,user115@example.com,U0115,Gercekten cok begendim tavsiye ederim,Çanta,2024-08-04
Elif Test116,user116@example.com,U0116,Fiyatina gore kalitesi iyi degil,Mouse,2024-09-05
Cem Test117,user117@example.com,U0117,Ambalaj cok guzeldi urun hasarsiz geldi,Klavye,2024-01-06
Nur Test118,user118@example.com,U0118,Muzik kalitesi berbat iade ediyorum,Monitör,2024-02-07
Berk Test119,user119@example.com,U0119,Kesinlikle tavsiye ederim muthis bir urun,Tablet,2024-03-08
Ahmet Test120,user120@example.com,U0120,Kargo cok gec geldi bir hafta beklettiniz,Kulaklık,2024-04-09
Ayşe Test121,user121@example.com,U0121,Urun kalitesi harika cok memnun kaldim,Telefon,2024-05-10
Mehmet Test122,user122@example.com,U0122,Iade sureci nasil isliyor,Laptop,2024-06-11
Fatma Test123,user123@example.com,U0123,Bekledigim kalite bu degildi hayal kirikligi,Saat,2024-07-12
Ali Test124,user124@example.com,U0124,Mukemmel urun hizli kargo tesekkurler,Ayakkabı,2024-08-13
Zeynep Test125,user125@example.com,U0125,Kotu bir deneyimdi urun bozuk geldi,Çanta,2024-09-14
Hasan Test126,user126@example.com,U0126,This product is amazing best purchase ever,Mouse,2024-01-15
Merve Test127,user127@example.com,U0127,Product was damaged on arrival very disappointed,Klavye,2024-02-16
Burak Test128,user128@example.com,U0128,Does this come in other colors,Monitör,2024-03-17
Selin Test129,user129@example.com,U0129,Excellent quality and fast delivery highly recommend,Tablet,2024-04-18
Tarık Test130,user130@example.com,U0130,The worst product broken after 2 days,Kulaklık,2024-05-19
Elif Test131,user131@example.com,U0131,Wonderful experience will buy again,Telefon,2024-06-20
Cem Test132,user132@example.com,U0132,Not what I expected description was misleading,Laptop,2024-07-21
Nur Test133,user133@example.com,U0133,Super fast delivery great packaging,Saat,2024-08-22
Berk Test134,user134@example.com,U0134,Product stopped working after one week terrible,Ayakkabı,2024-09-23
Ahmet Test135,user135@example.com,U0135,Gercekten cok begendim tavsiye ederim,Çanta,2024-01-24
Ayşe Test136,user136@example.com,U0136,Fiyatina gore kalitesi iyi degil,Mouse,2024-02-25
Mehmet Test137,user137@example.com,U0137,Ambalaj cok guzeldi urun hasarsiz geldi,Klavye,2024-03-26
Fatma Test138,user138@example.com,U0138,Muzik kalitesi berbat iade ediyorum,Monitör,2024-04-27
Ali Test139,user139@example.com,U0139,Kesinlikle tavsiye ederim muthis bir urun,Tablet,2024-05-28
Zeynep Test140,user140@example.com,U0140,Kargo cok gec geldi bir hafta beklettiniz,Kulaklık,2024-06-01
Hasan Test141,user141@example.com,U0141,Urun kalitesi harika cok memnun kaldim,Telefon,2024-07-02
Merve Test142,user142@example.com,U0142,Iade sureci nasil isliyor,Laptop,2024-08-03
Burak Test143,user143@example.com,U0143,Bekledigim kalite bu degildi hayal kirikligi,Saat,2024-09-04
Selin Test144,user144@example.com,U0144,Mukemmel urun hizli kargo tesekkurler,Ayakkabı,2024-01-05
Tarık Test145,user145@example.com,U0145,Kotu bir deneyimdi urun bozuk geldi,Çanta,2024-02-06
Elif Test146,user146@example.com,U0146,This product is amazing best purchase ever,Mouse,2024-03-07
Cem Test147,user147@example.com,U0147,Product was damaged on arrival very disappointed,Klavye,2024-04-08
Nur Test148,user148@example.com,U0148,Does this come in other colors,Monitör,2024-05-09
Berk Test149,user149@example.com,U0149,Excellent quality and fast delivery highly recommend,Tablet,2024-06-10
Ahmet Test150,user150@example.com,U0150,The worst product broken after 2 days,Kulaklık,2024-07-11
Ayşe Test151,user151@example.com,U0151,Wonderful experience will buy again,Telefon,2024-08-12
Mehmet Test152,user152@example.com,U0152,Not what I expected description was misleading,Laptop,2024-09-13
Fatma Test153,user153@example.com,U0153,Super fast delivery great packaging,Saat,2024-01-14
Ali Test154,user154@example.com,U0154,Product stopped working after one week terrible,Ayakkabı,2024-02-15
Zeynep Test155,user155@example.com,U0155,Gercekten cok begendim tavsiye ederim,Çanta,2024-03-16
Hasan Test156,user156@example.com,U0156,Fiyatina gore kalitesi iyi degil,Mouse,2024-04-17
Merve Test157,user157@example.com,U0157,Ambalaj cok guzeldi urun hasarsiz geldi,Klavye,2024-05-18
Burak Test158,user158@example.com,U0158,Muzik kalitesi berbat iade ediyorum,Monitör,2024-06-19
Selin Test159,user159@example.com,U0159,Kesinlikle tavsiye ederim muthis bir urun,Tablet,2024-07-20
Tarık Test160,user160@example.com,U0160,Kargo cok gec geldi bir hafta beklettiniz,Kulaklık,2024-08-21
Elif Test161,user161@example.com,U0161,Urun kalitesi harika cok memnun kaldim,Telefon,2024-09-22
Cem Test162,user162@example.com,U0162,Iade sureci nasil isliyor,Laptop,2024-01-23
Nur Test163,user163@example.com,U0163,Bekledigim kalite bu degildi hayal kirikligi,Saat,2024-02-24
Berk Test164,user164@example.com,U0164,Mukemmel urun hizli kargo tesekkurler,Ayakkabı,2024-03-25
Ahmet Test165,user165@example.com,U0165,Kotu bir deneyimdi urun bozuk geldi,Çanta,2024-04-26
Ayşe Test166,user166@example.com,U0166,This product is amazing best purchase ever,Mouse,2024-05-27
Mehmet Test167,user167@example.com,U0167,Product was damaged on arrival very disappointed,Klavye,2024-06-28
Fatma Test168,user168@example.com,U0168,Does this come in other colors,Monitör,2024-07-01
Ali Test169,user169@example.com,U0169,Excellent quality and fast delivery highly recommend,Tablet,2024-08-02
Zeynep Test170,user170@example.com,U0170,The worst product broken after 2 days,Kulaklık,2024-09-03
Hasan Test171,user171@example.com,U0171,Wonderful experience will buy again,Telefon,2024-01-04
Merve Test172,user172@example.com,U0172,Not what I expected description was misleading,Laptop,2024-02-05
Burak Test173,user173@example.com,U0173,Super fast delivery great packaging,Saat,2024-03-06
Selin Test174,user174@example.com,U0174,Product stopped working after one week terrible,Ayakkabı,2024-04-07
Tarık Test175,user175@example.com,U0175,Gercekten cok begendim tavsiye ederim,Çanta,2024-05-08
Elif Test176,user176@example.com,U0176,Fiyatina gore kalitesi iyi degil,Mouse,2024-06-09
Cem Test177,user177@example.com,U0177,Ambalaj cok guzeldi urun hasarsiz geldi,Klavye,2024-07-10
Nur Test178,user178@example.com,U0178,Muzik kalitesi berbat iade ediyorum,Monitör,2024-08-11
Berk Test179,user179@example.com,U0179,Kesinlikle tavsiye ederim muthis bir urun,Tablet,2024-09-12
Ahmet Test180,user180@example.com,U0180,Kargo cok gec geldi bir hafta beklettiniz,Kulaklık,2024-01-13
Ayşe Test181,user181@example.com,U0181,Urun kalitesi harika cok memnun kaldim,Telefon,2024-02-14
Mehmet Test182,user182@example.com,U0182,Iade sureci nasil isliyor,Laptop,2024-03-15
Fatma Test183,user183@example.com,U0183,Bekledigim kalite bu degildi hayal kirikligi,Saat,2024-04-16
Ali Test184,user184@example.com,U0184,Mukemmel urun hizli kargo tesekkurler,Ayakkabı,2024-05-17
Zeynep Test185,user185@example.com,U0185,Kotu bir deneyimdi urun bozuk geldi,Çanta,2024-06-18
Hasan Test186,user186@example.com,U0186,This product is amazing best purchase ever,Mouse,2024-07-19
Merve Test187,user187@example.com,U0187,Product was damaged on arrival very disappointed,Klavye,2024-08-20
Burak Test188,user188@example.com,U0188,Does this come in other colors,Monitör,2024-09-21
Selin Test189,user189@example.com,U0189,Excellent quality and fast delivery highly recommend,Tablet,2024-01-22
Tarık Test190,user190@example.com,U0190,The worst product broken after 2 days,Kulaklık,2024-02-23
Elif Test191,user191@example.com,U0191,Wonderful experience will buy again,Telefon,2024-03-24
Cem Test192,user192@example.com,U0192,Not what I expected description was misleading,Laptop,2024-04-25
Nur Test193,user193@example.com,U0193,Super fast delivery great packaging,Saat,2024-05-26
Berk Test194,user194@example.com,U0194,Product stopped working after one week terrible,Ayakkabı,2024-06-27
Ahmet Test195,user195@example.com,U0195,Gercekten cok begendim tavsiye ederim,Çanta,2024-07-28
Ayşe Test196,user196@example.com,U0196,Fiyatina gore kalitesi iyi degil,Mouse,2024-08-01
Mehmet Test197,user197@example.com,U0197,Ambalaj cok guzeldi urun hasarsiz geldi,Klavye,2024-09-02
Fatma Test198,user198@example.com,U0198,Muzik kalitesi berbat iade ediyorum,Monitör,2024-01-03
Ali Test199,user199@example.com,U0199,Kesinlikle tavsiye ederim muthis bir urun,Tablet,2024-02-04
Zeynep Test200,user200@example.com,U0200,Kargo cok gec geldi bir hafta beklettiniz,Kulaklık,2024-03-05
Hasan Test201,user201@example.com,U0201,Urun kalitesi harika cok memnun kaldim,Telefon,2024-04-06
Merve Test202,user202@example.com,U0202,Iade sureci nasil isliyor,Laptop,2024-05-07
Burak Test203,user203@example.com,U0203,Bekledigim kalite bu degildi hayal kirikligi,Saat,2024-06-08
Selin Test204,user204@example.com,U0204,Mukemmel urun hizli kargo tesekkurler,Ayakkabı,2024-07-09
Tarık Test205,user205@example.com,U0205,Kotu bir deneyimdi urun bozuk geldi,Çanta,2024-08-10
Elif Test206,user206@example.com,U0206,This product is amazing best purchase ever,Mouse,2024-09-11
Cem Test207,user207@example.com,U0207,Product was damaged on arrival very disappointed,Klavye,2024-01-12
Nur Test208,user208@example.com,U0208,Does this come in other colors,Monitör,2024-02-13
Berk Test209,user209@example.com,U0209,Excellent quality and fast delivery highly recommend,Tablet,2024-03-14
Ahmet Test210,user210@example.com,U0210,The worst product broken after 2 days,Kulaklık,2024-04-15
Ayşe Test211,user211@example.com,U0211,Wonderful experience will buy again,Telefon,2024-05-16
Mehmet Test212,user212@example.com,U0212,Not what I expected description was misleading,Laptop,2024-06-17
Fatma Test213,user213@example.com,U0213,Super fast delivery great packaging,Saat,2024-07-18
Ali Test214,user214@example.com,U0214,Product stopped working after one week terrible,Ayakkabı,2024-08-19
Zeynep Test215,user215@example.com,U0215,Gercekten cok begendim tavsiye ederim,Çanta,2024-09-20
Hasan Test216,user216@example.com,U0216,Fiyatina gore kalitesi iyi degil,Mouse,2024-01-21
Merve Test217,user217@example.com,U0217,Ambalaj cok guzeldi urun hasarsiz geldi,Klavye,2024-02-22
Burak Test218,user218@example.com,U0218,Muzik kalitesi berbat iade ediyorum,Monitör,2024-03-23
Selin Test219,user219@example.com,U0219,Kesinlikle tavsiye ederim muthis bir urun,Tablet,2024-04-24
Tarık Test220,user220@example.com,U0220,Kargo cok gec geldi bir hafta beklettiniz,Kulaklık,2024-05-25
Elif Test221,user221@example.com,U0221,Urun kalitesi harika cok memnun kaldim,Telefon,2024-06-26
Cem Test222,user222@example.com,U0222,Iade sureci nasil isliyor,Laptop,2024-07-27
Nur Test223,user223@example.com,U0223,Bekledigim kalite bu degildi hayal kirikligi,Saat,2024-08-28
Berk Test224,user224@example.com,U0224,Mukemmel urun hizli kargo tesekkurler,Ayakkabı,2024-09-01
Ahmet Test225,user225@example.com,U0225,Kotu bir deneyimdi urun bozuk geldi,Çanta,2024-01-02
Ayşe Test226,user226@example.com,U0226,This product is amazing best purchase ever,Mouse,2024-02-03
Mehmet Test227,user227@example.com,U0227,Product was damaged on arrival very disappointed,Klavye,2024-03-04
Fatma Test228,user228@example.com,U0228,Does this come in other colors,Monitör,2024-04-05
Ali Test229,user229@example.com,U0229,Excellent quality and fast delivery highly recommend,Tablet,2024-05-06
Zeynep Test230,user230@example.com,U0230,The worst product broken after 2 days,Kulaklık,2024-06-07
Hasan Test231,user231@example.com,U0231,Wonderful experience will buy again,Telefon,2024-07-08
Merve Test232,user232@example.com,U0232,Not what I expected description was misleading,Laptop,2024-08-09
Burak Test233,user233@example.com,U0233,Super fast delivery great packaging,Saat,2024-09-10
Selin Test234,user234@example.com,U0234,Product stopped working after one week terrible,Ayakkabı,2024-01-11
Tarık Test235,user235@example.com,U0235,Gercekten cok begendim tavsiye ederim,Çanta,2024-02-12
Elif Test236,user236@example.com,U0236,Fiyatina gore kalitesi iyi degil,Mouse,2024-03-13
Cem Test237,user237@example.com,U0237,Ambalaj cok guzeldi urun hasarsiz geldi,Klavye,2024-04-14
Nur Test238,user238@example.com,U0238,Muzik kalitesi berbat iade ediyorum,Monitör,2024-05-15
Berk Test239,user239@example.com,U0239,Kesinlikle tavsiye ederim muthis bir urun,Tablet,2024-06-16
Ahmet Test240,user240@example.com,U0240,Kargo cok gec geldi bir hafta beklettiniz,Kulaklık,2024-07-17
Ayşe Test241,user241@example.com,U0241,Urun kalitesi harika cok memnun kaldim,Telefon,2024-08-18
Mehmet Test242,user242@example.com,U0242,Iade sureci nasil isliyor,Laptop,2024-09-19
Fatma Test243,user243@example.com,U0243,Bekledigim kalite bu degildi hayal kirikligi,Saat,2024-01-20
Ali Test244,user244@example.com,U0244,Mukemmel urun hizli kargo tesekkurler,Ayakkabı,2024-02-21
Zeynep Test245,user245@example.com,U0245,Kotu bir deneyimdi urun bozuk geldi,Çanta,2024-03-22
Hasan Test246,user246@example.com,U0246,This product is amazing best purchase ever,Mouse,2024-04-23
Merve Test247,user247@example.com,U0247,Product was damaged on arrival very disappointed,Klavye,2024-05-24
Burak Test248,user248@example.com,U0248,Does this come in other colors,Monitör,2024-06-25
Selin Test249,user249@example.com,U0249,Excellent quality and fast delivery highly recommend,Tablet,2024-07-26
Tarık Test250,user250@example.com,U0250,The worst product broken after 2 days,Kulaklık,2024-08-27
Elif Test251,user251@example.com,U0251,Wonderful experience will buy again,Telefon,2024-09-28
Cem Test252,user252@example.com,U0252,Not what I expected description was misleading,Laptop,2024-01-01
Nur Test253,user253@example.com,U0253,Super fast delivery great packaging,Saat,2024-02-02
Berk Test254,user254@example.com,U0254,Product stopped working after one week terrible,Ayakkabı,2024-03-03
Ahmet Test255,user255@example.com,U0255,Gercekten cok begendim tavsiye ederim,Çanta,2024-04-04
Ayşe Test256,user256@example.com,U0256,Fiyatina gore kalitesi iyi degil,Mouse,2024-05-05
Mehmet Test257,user257@example.com,U0257,Ambalaj cok guzeldi urun hasarsiz geldi,Klavye,2024-06-06
Fatma Test258,user258@example.com,U0258,Muzik kalitesi berbat iade ediyorum,Monitör,2024-07-07
Ali Test259,user259@example.com,U0259,Kesinlikle tavsiye ederim muthis bir urun,Tablet,2024-08-08
Zeynep Test260,user260@example.com,U0260,Kargo cok gec geldi bir hafta beklettiniz,Kulaklık,2024-09-09
Hasan Test261,user261@example.com,U0261,Urun kalitesi harika cok memnun kaldim,Telefon,2024-01-10
Merve Test262,user262@example.com,U0262,Iade sureci nasil isliyor,Laptop,2024-02-11
Burak Test263,user263@example.com,U0263,Bekledigim kalite bu degildi hayal kirikligi,Saat,2024-03-12
Selin Test264,user264@example.com,U0264,Mukemmel urun hizli kargo tesekkurler,Ayakkabı,2024-04-13
Tarık Test265,user265@example.com,U0265,Kotu bir deneyimdi urun bozuk geldi,Çanta,2024-05-14
Elif Test266,user266@example.com,U0266,This product is amazing best purchase ever,Mouse,2024-06-15
Cem Test267,user267@example.com,U0267,Product was damaged on arrival very disappointed,Klavye,2024-07-16
Nur Test268,user268@example.com,U0268,Does this come in other colors,Monitör,2024-08-17
Berk Test269,user269@example.com,U0269,Excellent quality and fast delivery highly recommend,Tablet,2024-09-18
Ahmet Test270,user270@example.com,U0270,The worst product broken after 2 days,Kulaklık,2024-01-19
Ayşe Test271,user271@example.com,U0271,Wonderful experience will buy again,Telefon,2024-02-20
Mehmet Test272,user272@example.com,U0272,Not what I expected description was misleading,Laptop,2024-03-21
Fatma Test273,user273@example.com,U0273,Super fast delivery great packaging,Saat,2024-04-22
Ali Test274,user274@example.com,U0274,Product stopped working after one week terrible,Ayakkabı,2024-05-23
Zeynep Test275,user275@example.com,U0275,Gercekten cok begendim tavsiye ederim,Çanta,2024-06-24
Hasan Test276,user276@example.com,U0276,Fiyatina gore kalitesi iyi degil,Mouse,2024-07-25
Merve Test277,user277@example.com,U0277,Ambalaj cok guzeldi urun hasarsiz geldi,Klavye,2024-08-26
Burak Test278,user278@example.com,U0278,Muzik kalitesi berbat iade ediyorum,Monitör,2024-09-27
Selin Test279,user279@example.com,U0279,Kesinlikle tavsiye ederim muthis bir urun,Tablet,2024-01-28
Tarık Test280,user280@example.com,U0280,Kargo cok gec geldi bir hafta beklettiniz,Kulaklık,2024-02-01
Elif Test281,user281@example.com,U0281,Urun kalitesi harika cok memnun kaldim,Telefon,2024-03-02
Cem Test282,user282@example.com,U0282,Iade sureci nasil isliyor,Laptop,2024-04-03
Nur Test283,user283@example.com,U0283,Bekledigim kalite bu degildi hayal kirikligi,Saat,2024-05-04
Berk Test284,user284@example.com,U0284,Mukemmel urun hizli kargo tesekkurler,Ayakkabı,2024-06-05
Ahmet Test285,user285@example.com,U0285,Kotu bir deneyimdi urun bozuk geldi,Çanta,2024-07-06
Ayşe Test286,user286@example.com,U0286,This product is amazing best purchase ever,Mouse,2024-08-07
Mehmet Test287,user287@example.com,U0287,Product was damaged on arrival very disappointed,Klavye,2024-09-08
Fatma Test288,user288@example.com,U0288,Does this come in other colors,Monitör,2024-01-09
Ali Test289,user289@example.com,U0289,Excellent quality and fast delivery highly recommend,Tablet,2024-02-10
Zeynep Test290,user290@example.com,U0290,The worst product broken after 2 days,Kulaklık,2024-03-11
Hasan Test291,user291@example.com,U0291,Wonderful experience will buy again,Telefon,2024-04-12
Merve Test292,user292@example.com,U0292,Not what I expected description was misleading,Laptop,2024-05-13
Burak Test293,user293@example.com,U0293,Super fast delivery great packaging,Saat,2024-06-14
Selin Test294,user294@example.com,U0294,Product stopped working after one week terrible,Ayakkabı,2024-07-15
Tarık Test295,user295@example.com,U0295,Gercekten cok begendim tavsiye ederim,Çanta,2024-08-16
Elif Test296,user296@example.com,U0296,Fiyatina gore kalitesi iyi degil,Mouse,2024-09-17
Cem Test297,user297@example.com,U0297,Ambalaj cok guzeldi urun hasarsiz geldi,Klavye,2024-01-18
Nur Test298,user298@example.com,U0298,Muzik kalitesi berbat iade ediyorum,Monitör,2024-02-19
Berk Test299,user299@example.com,U0299,Kesinlikle tavsiye ederim muthis bir urun,Tablet,2024-03-20
Ahmet Test300,user300@example.com,U0300,Kargo cok gec geldi bir hafta beklettiniz,Kulaklık,2024-04-21
Ayşe Test301,user301@example.com,U0301,Urun kalitesi harika cok memnun kaldim,Telefon,2024-05-22
Mehmet Test302,user302@example.com,U0302,Iade sureci nasil isliyor,Laptop,2024-06-23
Fatma Test303,user303@example.com,U0303,Bekledigim kalite bu degildi hayal kirikligi,Saat,2024-07-24
Ali Test304,user304@example.com,U0304,Mukemmel urun hizli kargo tesekkurler,Ayakkabı,2024-08-25
Zeynep Test305,user305@example.com,U0305,Kotu bir deneyimdi urun bozuk geldi,Çanta,2024-09-26
Hasan Test306,user306@example.com,U0306,This product is amazing best purchase ever,Mouse,2024-01-27
Merve Test307,user307@example.com,U0307,Product was damaged on arrival very disappointed,Klavye,2024-02-28
Burak Test308,user308@example.com,U0308,Does this come in other colors,Monitör,2024-03-01
Selin Test309,user309@example.com,U0309,Excellent quality and fast delivery highly recommend,Tablet,2024-04-02
Tarık Test310,user310@example.com,U0310,The worst product broken after 2 days,Kulaklık,2024-05-03
Elif Test311,user311@example.com,U0311,Wonderful experience will buy again,Telefon,2024-06-04
Cem Test312,user312@example.com,U0312,Not what I expected description was misleading,Laptop,2024-07-05
Nur Test313,user313@example.com,U0313,Super fast delivery great packaging,Saat,2024-08-06
Berk Test314,user314@example.com,U0314,Product stopped working after one week terrible,Ayakkabı,2024-09-07
Ahmet Test315,user315@example.com,U0315,Gercekten cok begendim tavsiye ederim,Çanta,2024-01-08
Ayşe Test316,user316@example.com,U0316,Fiyatina gore kalitesi iyi degil,Mouse,2024-02-09
Mehmet Test317,user317@example.com,U0317,Ambalaj cok guzeldi urun hasarsiz geldi,Klavye,2024-03-10
Fatma Test318,user318@example.com,U0318,Muzik kalitesi berbat iade ediyorum,Monitör,2024-04-11
Ali Test319,user319@example.com,U0319,Kesinlikle tavsiye ederim muthis bir urun,Tablet,2024-05-12
Zeynep Test320,user320@example.com,U0320,Kargo cok gec geldi bir hafta beklettiniz,Kulaklık,2024-06-13
Hasan Test321,user321@example.com,U0321,Urun kalitesi harika cok memnun kaldim,Telefon,2024-07-14
Merve Test322,user322@example.com,U0322,Iade sureci nasil isliyor,Laptop,2024-08-15
Burak Test323,user323@example.com,U0323,Bekledigim kalite bu degildi hayal kirikligi,Saat,2024-09-16
Selin Test324,user324@example.com,U0324,Mukemmel urun hizli kargo tesekkurler,Ayakkabı,2024-01-17
Tarık Test325,user325@example.com,U0325,Kotu bir deneyimdi urun bozuk geldi,Çanta,2024-02-18
Elif Test326,user326@example.com,U0326,This product is amazing best purchase ever,Mouse,2024-03-19
Cem Test327,user327@example.com,U0327,Product was damaged on arrival very disappointed,Klavye,2024-04-20
Nur Test328,user328@example.com,U0328,Does this come in other colors,Monitör,2024-05-21
Berk Test329,user329@example.com,U0329,Excellent quality and fast delivery highly recommend,Tablet,2024-06-22
Ahmet Test330,user330@example.com,U0330,The worst product broken after 2 days,Kulaklık,2024-07-23
Ayşe Test331,user331@example.com,U0331,Wonderful experience will buy again,Telefon,2024-08-24
Mehmet Test332,user332@example.com,U0332,Not what I expected description was misleading,Laptop,2024-09-25
Fatma Test333,user333@example.com,U0333,Super fast delivery great packaging,Saat,2024-01-26
Ali Test334,user334@example.com,U0334,Product stopped working after one week terrible,Ayakkabı,2024-02-27
Zeynep Test335,user335@example.com,U0335,Gercekten cok begendim tavsiye ederim,Çanta,2024-03-28
Hasan Test336,user336@example.com,U0336,Fiyatina gore kalitesi iyi degil,Mouse,2024-04-01
Merve Test337,user337@example.com,U0337,Ambalaj cok guzeldi urun hasarsiz geldi,Klavye,2024-05-02
Burak Test338,user338@example.com,U0338,Muzik kalitesi berbat iade ediyorum,Monitör,2024-06-03
Selin Test339,user339@example.com,U0339,Kesinlikle tavsiye ederim muthis bir urun,Tablet,2024-07-04
Tarık Test340,user340@example.com,U0340,Kargo cok gec geldi bir hafta beklettiniz,Kulaklık,2024-08-05
Elif Test341,user341@example.com,U0341,Urun kalitesi harika cok memnun kaldim,Telefon,2024-09-06
Cem Test342,user342@example.com,U0342,Iade sureci nasil isliyor,Laptop,2024-01-07
Nur Test343,user343@example.com,U0343,Bekledigim kalite bu degildi hayal kirikligi,Saat,2024-02-08
Berk Test344,user344@example.com,U0344,Mukemmel urun hizli kargo tesekkurler,Ayakkabı,2024-03-09
Ahmet Test345,user345@example.com,U0345,Kotu bir deneyimdi urun bozuk geldi,Çanta,2024-04-10
Ayşe Test346,user346@example.com,U0346,This product is amazing best purchase ever,Mouse,2024-05-11
Mehmet Test347,user347@example.com,U0347,Product was damaged on arrival very disappointed,Klavye,2024-06-12
Fatma Test348,user348@example.com,U0348,Does this come in other colors,Monitör,2024-07-13
Ali Test349,user349@example.com,U0349,Excellent quality and fast delivery highly recommend,Tablet,2024-08-14
Zeynep Test350,user350@example.com,U0350,The worst product broken after 2 days,Kulaklık,2024-09-15
Hasan Test351,user351@example.com,U0351,Wonderful experience will buy again,Telefon,2024-01-16
Merve Test352,user352@example.com,U0352,Not what I expected description was misleading,Laptop,2024-02-17
Burak Test353,user353@example.com,U0353,Super fast delivery great packaging,Saat,2024-03-18
Selin Test354,user354@example.com,U0354,Product stopped working after one week terrible,Ayakkabı,2024-04-19
Tarık Test355,user355@example.com,U0355,Gercekten cok begendim tavsiye ederim,Çanta,2024-05-20
Elif Test356,user356@example.com,U0356,Fiyatina gore kalitesi iyi degil,Mouse,2024-06-21
Cem Test357,user357@example.com,U0357,Ambalaj cok guzeldi urun hasarsiz geldi,Klavye,2024-07-22
Nur Test358,user358@example.com,U0358,Muzik kalitesi berbat iade ediyorum,Monitör,2024-08-23
Berk Test359,user359@example.com,U0359,Kesinlikle tavsiye ederim muthis bir urun,Tablet,2024-09-24
Ahmet Test360,user360@example.com,U0360,Kargo cok gec geldi bir hafta beklettiniz,Kulaklık,2024-01-25
Ayşe Test361,user361@example.com,U0361,Urun kalitesi harika cok memnun kaldim,Telefon,2024-02-26
Mehmet Test362,user362@example.com,U0362,Iade sureci nasil isliyor,Laptop,2024-03-27
Fatma Test363,user363@example.com,U0363,Bekledigim kalite bu degildi hayal kirikligi,Saat,2024-04-28
Ali Test364,user364@example.com,U0364,Mukemmel urun hizli kargo tesekkurler,Ayakkabı,2024-05-01
Zeynep Test365,user365@example.com,U0365,Kotu bir deneyimdi urun bozuk geldi,Çanta,2024-06-02
Hasan Test366,user366@example.com,U0366,This product is amazing best purchase ever,Mouse,2024-07-03
Merve Test367,user367@example.com,U0367,Product was damaged on arrival very disappointed,Klavye,2024-08-04
Burak Test368,user368@example.com,U0368,Does this come in other colors,Monitör,2024-09-05
Selin Test369,user369@example.com,U0369,Excellent quality and fast delivery highly recommend,Tablet,2024-01-06
Tarık Test370,user370@example.com,U0370,The worst product broken after 2 days,Kulaklık,2024-02-07
Elif Test371,user371@example.com,U0371,Wonderful experience will buy again,Telefon,2024-03-08
Cem Test372,user372@example.com,U0372,Not what I expected description was misleading,Laptop,2024-04-09
Nur Test373,user373@example.com,U0373,Super fast delivery great packaging,Saat,2024-05-10
Berk Test374,user374@example.com,U0374,Product stopped working after one week terrible,Ayakkabı,2024-06-11
Ahmet Test375,user375@example.com,U0375,Gercekten cok begendim tavsiye ederim,Çanta,2024-07-12
Ayşe Test376,user376@example.com,U0376,Fiyatina gore kalitesi iyi degil,Mouse,2024-08-13
Mehmet Test377,user377@example.com,U0377,Ambalaj cok guzeldi urun hasarsiz geldi,Klavye,2024-09-14
Fatma Test378,user378@example.com,U0378,Muzik kalitesi berbat iade ediyorum,Monitör,2024-01-15
Ali Test379,user379@example.com,U0379,Kesinlikle tavsiye ederim muthis bir urun,Tablet,2024-02-16
Zeynep Test380,user380@example.com,U0380,Kargo cok gec geldi bir hafta beklettiniz,Kulaklık,2024-03-17
Hasan Test381,user381@example.com,U0381,Urun kalitesi harika cok memnun kaldim,Telefon,2024-04-18
Merve Test382,user382@example.com,U0382,Iade sureci nasil isliyor,Laptop,2024-05-19
Burak Test383,user383@example.com,U0383,Bekledigim kalite bu degildi hayal kirikligi,Saat,2024-06-20
Selin Test384,user384@example.com,U0384,Mukemmel urun hizli kargo tesekkurler,Ayakkabı,2024-07-21
Tarık Test385,user385@example.com,U0385,Kotu bir deneyimdi urun bozuk geldi,Çanta,2024-08-22
Elif Test386,user386@example.com,U0386,This product is amazing best purchase ever,Mouse,2024-09-23
Cem Test387,user387@example.com,U0387,Product was damaged on arrival very disappointed,Klavye,2024-01-24
Nur Test388,user388@example.com,U0388,Does this come in other colors,Monitör,2024-02-25
Berk Test389,user389@example.com,U0389,Excellent quality and fast delivery highly recommend,Tablet,2024-03-26
Ahmet Test390,user390@example.com,U0390,The worst product broken after 2 days,Kulaklık,2024-04-27
Ayşe Test391,user391@example.com,U0391,Wonderful experience will buy again,Telefon,2024-05-28
Mehmet Test392,user392@example.com,U0392,Not what I expected description was misleading,Laptop,2024-06-01
Fatma Test393,user393@example.com,U0393,Super fast delivery great packaging,Saat,2024-07-02
Ali Test394,user394@example.com,U0394,Product stopped working after one week terrible,Ayakkabı,2024-08-03
Zeynep Test395,user395@example.com,U0395,Gercekten cok begendim tavsiye ederim,Çanta,2024-09-04
Hasan Test396,user396@example.com,U0396,Fiyatina gore kalitesi iyi degil,Mouse,2024-01-05
Merve Test397,user397@example.com,U0397,Ambalaj cok guzeldi urun hasarsiz geldi,Klavye,2024-02-06
Burak Test398,user398@example.com,U0398,Muzik kalitesi berbat iade ediyorum,Monitör,2024-03-07
Selin Test399,user399@example.com,U0399,Kesinlikle tavsiye ederim muthis bir urun,Tablet,2024-04-08
Tarık Test400,user400@example.com,U0400,Kargo cok gec geldi bir hafta beklettiniz,Kulaklık,2024-05-09
Elif Test401,user401@example.com,U0401,Urun kalitesi harika cok memnun kaldim,Telefon,2024-06-10
Cem Test402,user402@example.com,U0402,Iade sureci nasil isliyor,Laptop,2024-07-11
Nur Test403,user403@example.com,U0403,Bekledigim kalite bu degildi hayal kirikligi,Saat,2024-08-12
Berk Test404,user404@example.com,U0404,Mukemmel urun hizli kargo tesekkurler,Ayakkabı,2024-09-13
Ahmet Test405,user405@example.com,U0405,Kotu bir deneyimdi urun bozuk geldi,Çanta,2024-01-14
Ayşe Test406,user406@example.com,U0406,This product is amazing best purchase ever,Mouse,2024-02-15
Mehmet Test407,user407@example.com,U0407,Product was damaged on arrival very disappointed,Klavye,2024-03-16
Fatma Test408,user408@example.com,U0408,Does this come in other colors,Monitör,2024-04-17
Ali Test409,user409@example.com,U0409,Excellent quality and fast delivery highly recommend,Tablet,2024-05-18
Zeynep Test410,user410@example.com,U0410,The worst product broken after 2 days,Kulaklık,2024-06-19
Hasan Test411,user411@example.com,U0411,Wonderful experience will buy again,Telefon,2024-07-20
Merve Test412,user412@example.com,U0412,Not what I expected description was misleading,Laptop,2024-08-21
Burak Test413,user413@example.com,U0413,Super fast delivery great packaging,Saat,2024-09-22
Selin Test414,user414@example.com,U0414,Product stopped working after one week terrible,Ayakkabı,2024-01-23
Tarık Test415,user415@example.com,U0415,Gercekten cok begendim tavsiye ederim,Çanta,2024-02-24
Elif Test416,user416@example.com,U0416,Fiyatina gore kalitesi iyi degil,Mouse,2024-03-25
Cem Test417,user417@example.com,U0417,Ambalaj cok guzeldi urun hasarsiz geldi,Klavye,2024-04-26
Nur Test418,user418@example.com,U0418,Muzik kalitesi berbat iade ediyorum,Monitör,2024-05-27
Berk Test419,user419@example.com,U0419,Kesinlikle tavsiye ederim muthis bir urun,Tablet,2024-06-28
Ahmet Test420,user420@example.com,U0420,Kargo cok gec geldi bir hafta beklettiniz,Kulaklık,2024-07-01
Ayşe Test421,user421@example.com,U0421,Urun kalitesi harika cok memnun kaldim,Telefon,2024-08-02
Mehmet Test422,user422@example.com,U0422,Iade sureci nasil isliyor,Laptop,2024-09-03
Fatma Test423,user423@example.com,U0423,Bekledigim kalite bu degildi hayal kirikligi,Saat,2024-01-04
Ali Test424,user424@example.com,U0424,Mukemmel urun hizli kargo tesekkurler,Ayakkabı,2024-02-05
Zeynep Test425,user425@example.com,U0425,Kotu bir deneyimdi urun bozuk geldi,Çanta,2024-03-06
Hasan Test426,user426@example.com,U0426,This product is amazing best purchase ever,Mouse,2024-04-07
Merve Test427,user427@example.com,U0427,Product was damaged on arrival very disappointed,Klavye,2024-05-08
Burak Test428,user428@example.com,U0428,Does this come in other colors,Monitör,2024-06-09
Selin Test429,user429@example.com,U0429,Excellent quality and fast delivery highly recommend,Tablet,2024-07-10
Tarık Test430,user430@example.com,U0430,The worst product broken after 2 days,Kulaklık,2024-08-11
Elif Test431,user431@example.com,U0431,Wonderful experience will buy again,Telefon,2024-09-12
Cem Test432,user432@example.com,U0432,Not what I expected description was misleading,Laptop,2024-01-13
Nur Test433,user433@example.com,U0433,Super fast delivery great packaging,Saat,2024-02-14
Berk Test434,user434@example.com,U0434,Product stopped working after one week terrible,Ayakkabı,2024-03-15
Ahmet Test435,user435@example.com,U0435,Gercekten cok begendim tavsiye ederim,Çanta,2024-04-16
Ayşe Test436,user436@example.com,U0436,Fiyatina gore kalitesi iyi degil,Mouse,2024-05-17
Mehmet Test437,user437@example.com,U0437,Ambalaj cok guzeldi urun hasarsiz geldi,Klavye,2024-06-18
Fatma Test438,user438@example.com,U0438,Muzik kalitesi berbat iade ediyorum,Monitör,2024-07-19
Ali Test439,user439@example.com,U0439,Kesinlikle tavsiye ederim muthis bir urun,Tablet,2024-08-20
Zeynep Test440,user440@example.com,U0440,Kargo cok gec geldi bir hafta beklettiniz,Kulaklık,2024-09-21
Hasan Test441,user441@example.com,U0441,Urun kalitesi harika cok memnun kaldim,Telefon,2024-01-22
Merve Test442,user442@example.com,U0442,Iade sureci nasil isliyor,Laptop,2024-02-23
Burak Test443,user443@example.com,U0443,Bekledigim kalite bu degildi hayal kirikligi,Saat,2024-03-24
Selin Test444,user444@example.com,U0444,Mukemmel urun hizli kargo tesekkurler,Ayakkabı,2024-04-25
Tarık Test445,user445@example.com,U0445,Kotu bir deneyimdi urun bozuk geldi,Çanta,2024-05-26
Elif Test446,user446@example.com,U0446,This product is amazing best purchase ever,Mouse,2024-06-27
Cem Test447,user447@example.com,U0447,Product was damaged on arrival very disappointed,Klavye,2024-07-28
Nur Test448,user448@example.com,U0448,Does this come in other colors,Monitör,2024-08-01
Berk Test449,user449@example.com,U0449,Excellent quality and fast delivery highly recommend,Tablet,2024-09-02
Ahmet Test450,user450@example.com,U0450,The worst product broken after 2 days,Kulaklık,2024-01-03
Ayşe Test451,user451@example.com,U0451,Wonderful experience will buy again,Telefon,2024-02-04
Mehmet Test452,user452@example.com,U0452,Not what I expected description was misleading,Laptop,2024-03-05
Fatma Test453,user453@example.com,U0453,Super fast delivery great packaging,Saat,2024-04-06
Ali Test454,user454@example.com,U0454,Product stopped working after one week terrible,Ayakkabı,2024-05-07
Zeynep Test455,user455@example.com,U0455,Gercekten cok begendim tavsiye ederim,Çanta,2024-06-08
Hasan Test456,user456@example.com,U0456,Fiyatina gore kalitesi iyi degil,Mouse,2024-07-09
Merve Test457,user457@example.com,U0457,Ambalaj cok guzeldi urun hasarsiz geldi,Klavye,2024-08-10
Burak Test458,user458@example.com,U0458,Muzik kalitesi berbat iade ediyorum,Monitör,2024-09-11
Selin Test459,user459@example.com,U0459,Kesinlikle tavsiye ederim muthis bir urun,Tablet,2024-01-12
Tarık Test460,user460@example.com,U0460,Kargo cok gec geldi bir hafta beklettiniz,Kulaklık,2024-02-13
Elif Test461,user461@example.com,U0461,Urun kalitesi harika cok memnun kaldim,Telefon,2024-03-14
Cem Test462,user462@example.com,U0462,Iade sureci nasil isliyor,Laptop,2024-04-15
Nur Test463,user463@example.com,U0463,Bekledigim kalite bu degildi hayal kirikligi,Saat,2024-05-16
Berk Test464,user464@example.com,U0464,Mukemmel urun hizli kargo tesekkurler,Ayakkabı,2024-06-17
Ahmet Test465,user465@example.com,U0465,Kotu bir deneyimdi urun bozuk geldi,Çanta,2024-07-18
Ayşe Test466,user466@example.com,U0466,This product is amazing best purchase ever,Mouse,2024-08-19
Mehmet Test467,user467@example.com,U0467,Product was damaged on arrival very disappointed,Klavye,2024-09-20
Fatma Test468,user468@example.com,U0468,Does this come in other colors,Monitör,2024-01-21
Ali Test469,user469@example.com,U0469,Excellent quality and fast delivery highly recommend,Tablet,2024-02-22
Zeynep Test470,user470@example.com,U0470,The worst product broken after 2 days,Kulaklık,2024-03-23
Hasan Test471,user471@example.com,U0471,Wonderful experience will buy again,Telefon,2024-04-24
Merve Test472,user472@example.com,U0472,Not what I expected description was misleading,Laptop,2024-05-25
Burak Test473,user473@example.com,U0473,Super fast delivery great packaging,Saat,2024-06-26
Selin Test474,user474@example.com,U0474,Product stopped working after one week terrible,Ayakkabı,2024-07-27
Tarık Test475,user475@example.com,U0475,Gercekten cok begendim tavsiye ederim,Çanta,2024-08-28
Elif Test476,user476@example.com,U0476,Fiyatina gore kalitesi iyi degil,Mouse,2024-09-01
Cem Test477,user477@example.com,U0477,Ambalaj cok guzeldi urun hasarsiz geldi,Klavye,2024-01-02
Nur Test478,user478@example.com,U0478,Muzik kalitesi berbat iade ediyorum,Monitör,2024-02-03
Berk Test479,user479@example.com,U0479,Kesinlikle tavsiye ederim muthis bir urun,Tablet,2024-03-04
Ahmet Test480,user480@example.com,U0480,Kargo cok gec geldi bir hafta beklettiniz,Kulaklık,2024-04-05
Ayşe Test481,user481@example.com,U0481,Urun kalitesi harika cok memnun kaldim,Telefon,2024-05-06
Mehmet Test482,user482@example.com,U0482,Iade sureci nasil isliyor,Laptop,2024-06-07
Fatma Test483,user483@example.com,U0483,Bekledigim kalite bu degildi hayal kirikligi,Saat,2024-07-08
Ali Test484,user484@example.com,U0484,Mukemmel urun hizli kargo tesekkurler,Ayakkabı,2024-08-09
Zeynep Test485,user485@example.com,U0485,Kotu bir deneyimdi urun bozuk geldi,Çanta,2024-09-10
Hasan Test486,user486@example.com,U0486,This product is amazing best purchase ever,Mouse,2024-01-11
Merve Test487,user487@example.com,U0487,Product was damaged on arrival very disappointed,Klavye,2024-02-12
Burak Test488,user488@example.com,U0488,Does this come in other colors,Monitör,2024-03-13
Selin Test489,user489@example.com,U0489,Excellent quality and fast delivery highly recommend,Tablet,2024-04-14
Tarık Test490,user490@example.com,U0490,The worst product broken after 2 days,Kulaklık,2024-05-15
Elif Test491,user491@example.com,U0491,Wonderful experience will buy again,Telefon,2024-06-16
Cem Test492,user492@example.com,U0492,Not what I expected description was misleading,Laptop,2024-07-17
Nur Test493,user493@example.com,U0493,Super fast delivery great packaging,Saat,2024-08-18
Berk Test494,user494@example.com,U0494,Product stopped working after one week terrible,Ayakkabı,2024-09-19
Ahmet Test495,user495@example.com,U0495,Gercekten cok begendim tavsiye ederim,Çanta,2024-01-20
Ayşe Test496,user496@example.com,U0496,Fiyatina gore kalitesi iyi degil,Mouse,2024-02-21
Mehmet Test497,user497@example.com,U0497,Ambalaj cok guzeldi urun hasarsiz geldi,Klavye,2024-03-22
Fatma Test498,user498@example.com,U0498,Muzik kalitesi berbat iade ediyorum,Monitör,2024-04-23
Ali Test499,user499@example.com,U0499,Kesinlikle tavsiye ederim muthis bir urun,Tablet,2024-05-24
Zeynep Test500,user500@example.com,U0500,Kargo cok gec geldi bir hafta beklettiniz,Kulaklık,2024-06-25
